
CREATE TABLE IF NOT EXISTS `aturan` (
  `kd_penyakit` varchar(10) NOT NULL,
  `kd_gejala` varchar(10) NOT NULL,
  `hipotesis_aturan` double NOT NULL,
  `kd_aturan` int(250) NOT NULL AUTO_INCREMENT,
  UNIQUE KEY `kd_aturan` (`kd_aturan`),
  KEY `kd_penyakit` (`kd_penyakit`,`kd_gejala`),
  KEY `kd_gejala` (`kd_gejala`)
) ENGINE=InnoDB  DEFAULT CHARSET=latin1 AUTO_INCREMENT=10 ;

INSERT INTO `aturan` (`kd_penyakit`, `kd_gejala`, `hipotesis_aturan`, `kd_aturan`) VALUES
('P1', 'G1', 0.75, 1),
('P1', 'G2', 0.50, 2),
('P1', 'G3', 0.5, 3),
('P1', 'G4', 0.85, 4),
('P1', 'G5', 0.9, 5),
('P1', 'G6', 0.82, 6),
('P1', 'G7',0 , 7),
('P1', 'G8',0 , 8),
('P1', 'G9',0 , 9),
('P1', 'G10',0 , 10),
('P1', 'G11',0 , 11),
('P1', 'G12',0 , 12),
('P1', 'G13',0 , 13),
('P1', 'G14',0 , 14),
('P1', 'G15',0 , 15),
('P1', 'G16',0 , 16),
('P1', 'G17',0 , 17),
('P1', 'G18',0 , 18),
('P1', 'G19',0 , 19),
('P1', 'G20',0 , 20),
('P1', 'G21',0 , 21),
('P1', 'G22',0 , 22),
('P1', 'G23',0 , 23),
('P1', 'G24',0 , 24),
('P1', 'G25',0 , 25),
('P1', 'G26',0 , 26),
('P1', 'G27',0 , 27),
('P1', 'G28',0 , 28),
('P1', 'G29',0 , 29),
('P1', 'G30',0 , 30),
('P1', 'G31',0 , 31),

('P2', 'G1', 0, 32),
('P2', 'G2', 0.8, 33),
('P2', 'G3', 0.5, 34),
('P2', 'G4', 0.35, 35),
('P2', 'G5', 0, 36),
('P2', 'G6', 0, 37),
('P2', 'G7',0.2 , 38),
('P2', 'G8',0.6, 39),
('P2', 'G9',0.57, 40),
('P2', 'G10',0.87, 41),
('P2', 'G11',0.7, 42),
('P2', 'G12',0.65, 43),
('P2', 'G13',0.75, 44),
('P2', 'G14',0.6, 45),
('P2', 'G15',0.3, 46),
('P2', 'G16',0.1, 47),
('P2', 'G17',0.35, 48),
('P2', 'G18',0.5, 49),
('P2', 'G19',0 , 50),
('P2', 'G20',0 , 51),
('P2', 'G21',0 , 52),
('P2', 'G22',0 , 53),
('P2', 'G23',0 , 54),
('P2', 'G24',0 , 55),
('P2', 'G25',0 , 56),
('P2', 'G26',0 , 57),
('P2', 'G27',0 , 58),
('P2', 'G28',0 , 59),
('P2', 'G29',0 , 60),
('P2', 'G30',0 , 61),
('P2', 'G31',0 , 62),

('P3', 'G1', 0, 63),
('P3', 'G2', 0.45, 64),
('P3', 'G3', 0.5, 65),
('P3', 'G4', 0.6, 66),
('P3', 'G5', 0, 67),
('P3', 'G6', 0.2, 68),
('P3', 'G7',0 , 69),
('P3', 'G8',0, 70),
('P3', 'G9',0, 71),
('P3', 'G10',0 , 72),
('P3', 'G11',0 , 73),
('P3', 'G12',0 , 74),
('P3', 'G13',0 , 75),
('P3', 'G14',0 , 76),
('P3', 'G15',0 , 77),
('P3', 'G16',0 , 78),
('P3', 'G17',0 , 79),
('P3', 'G18',0 , 80),
('P3', 'G19',0 , 81),
('P3', 'G20',0.9 , 82),
('P3', 'G21',0.75 , 83),
('P3', 'G22',0.65 , 84),
('P3', 'G23',0 , 85),
('P3', 'G24',0 , 86),
('P3', 'G25',0 , 87),
('P3', 'G26',0 , 88),
('P3', 'G27',0 , 89),
('P3', 'G28',0 , 90),
('P3', 'G29',0 , 91),
('P3', 'G30',0 , 92),
('P3', 'G31',0 , 93),

('P4', 'G1', 0.8, 94),
('P4', 'G2', 0.7, 95),
('P4', 'G3', 0.5, 96),
('P4', 'G4', 0.4, 97),
('P4', 'G5', 0.5, 98),
('P4', 'G6', 0.78, 99),
('P4', 'G7',0 , 100),
('P4', 'G8',0, 101),
('P4', 'G9',0, 102),
('P4', 'G10',0 , 103),
('P4', 'G11',0 , 104),
('P4', 'G12',0 , 105),
('P4', 'G13',0 , 106),
('P4', 'G14',0 , 107),
('P4', 'G15',0 , 108),
('P4', 'G16',0 , 109),
('P4', 'G17',0 , 110),
('P4', 'G18',0 , 111),
('P4', 'G19',0 , 112),
('P4', 'G20',0 , 113),
('P4', 'G21',0 , 114),
('P4', 'G22',0 , 115),
('P4', 'G23',0.8 , 116),
('P4', 'G24',0.85 , 117),
('P4', 'G25',0 , 118),
('P4', 'G26',0 , 119),
('P4', 'G27',0 , 120),
('P4', 'G28',0 , 121),
('P4', 'G29',0 , 122),
('P4', 'G30',0 , 123),
('P4', 'G31',0 , 124),

('P5', 'G1', 0.5, 125),
('P5', 'G2', 0.6, 126),
('P5', 'G3', 0.7, 127),
('P5', 'G4', 0.8, 128),
('P5', 'G5', 0, 129),
('P5', 'G6', 0, 130),
('P5', 'G7',0 , 131),
('P5', 'G8',0, 132),
('P5', 'G9',0, 133),
('P5', 'G10',0 , 134),
('P5', 'G11',0 , 135),
('P5', 'G12',0 , 136),
('P5', 'G13',0 , 137),
('P5', 'G14',0 , 138),
('P5', 'G15',0 , 139),
('P5', 'G16',0 , 140),
('P5', 'G17',0 , 141),
('P5', 'G18',0 , 142),
('P5', 'G19',0 , 143),
('P5', 'G20',0 , 144),
('P5', 'G21',0 , 145),
('P5', 'G22',0 , 146),
('P5', 'G23',0 , 147),
('P5', 'G24',0 , 148),
('P5', 'G25',0.9 , 149),
('P5', 'G26',0.8 , 150),
('P5', 'G27',0.75 , 151),
('P5', 'G28',0.8 , 152),
('P5', 'G29',0 , 153),
('P5', 'G30',0 , 154),
('P5', 'G31',0 , 155),

('P6', 'G1', 0.9, 156),
('P6', 'G2', 0.8, 157),
('P6', 'G3', 0.75, 158),
('P6', 'G4', 0.8, 159),
('P6', 'G5', 0, 160),
('P6', 'G6', 0, 161),
('P6', 'G7',0 , 162),
('P6', 'G8',0, 163),
('P6', 'G9',0, 164),
('P6', 'G10',0 , 165),
('P6', 'G11',0 , 166),
('P6', 'G12',0 , 167),
('P6', 'G13',0 , 168),
('P6', 'G14',0 , 169),
('P6', 'G15',0 , 170),
('P6', 'G16',0 , 171),
('P6', 'G17',0 , 172),
('P6', 'G18',0 , 173),
('P6', 'G19',0 , 174),
('P6', 'G20',0 , 175),
('P6', 'G21',0 , 176),
('P6', 'G22',0 , 177),
('P6', 'G23',0 , 178),
('P6', 'G24',0 , 179),
('P6', 'G25',0 , 180),
('P6', 'G26',0 , 181),
('P6', 'G27',0 , 182),
('P6', 'G28',0 , 183),
('P6', 'G29',0.85 , 184),
('P6', 'G30',0.76 , 185),
('P6', 'G31',0.86 , 186);


CREATE TABLE IF NOT EXISTS `gejala` (
  `kd_gejala` varchar(10) NOT NULL,
  `nm_gejala` varchar(150) NOT NULL,
  PRIMARY KEY (`kd_gejala`)
) ENGINE=InnoDB DEFAULT CHARSET=latin1;

INSERT INTO `gejala` (`kd_gejala`, `nm_gejala`) VALUES
('G1', 'Batuk tidak kunjung sembuh > 3 bulan'),
('G2', 'Demam dengan suhu di atas 38 C lebih dari 2 minggu'),
('G3', 'Keringat dingin pada waktu malam hari'),
('G4', 'Berat badan turun tanpa alasan yang jelas'),
('G5', 'Dada terasa sakit'),
('G6', 'Napas sesak'),
('G7', 'mudah marah (emosi)'),
('G8', 'Gelisah'),
('G9', 'Menggigil'),
('G10', 'Kepala terasa nyeri'),
('G11', 'Leher terasa kaku'),
('G12', 'Nyeri pada kuuduk'),
('G13', 'Mual atau muntah'),
('G14', 'Nafsu makan berkurang'),
('G15', 'Nyeri pada punggung dan sendi'),
('G16', 'Perubahan perilaku mental'),
('G17', 'Kejang'),
('G18', 'Koma'),
('G19', 'Lemah dan Lemas (tidak bertenaga)'),
('G20', 'Muncul benjolan di kalenjar getah bening'),
('G21', 'Benjolan bernanah dan membesar'),
('G22', 'Mengi'),
('G23', 'Malaise'),
('G24', 'Muncul gejala Pleural Effusion'),
('G25', 'Muncul nyeri terlokalisir pada satu regio tulang belakang'),
('G26', 'Muncul gejala nyeri yang menjalar'),
('G27', 'Pola jalan merefleksikan rigiditas protektif dari tulang belakang'),
('G28', 'Langkah kaki pendek tidak seperti biasanya'),
('G29', 'Munculnya darah pada urin'),
('G30', 'Nyeri ketika buang air kecil'),
('G31', 'Muncul nyeri pada satu bagian tubuh antara perut dan punggung');

CREATE TABLE IF NOT EXISTS `penyakit` (
  `kd_penyakit` varchar(10) NOT NULL,
  `nm_penyakit` varchar(150) NOT NULL,
  `hipotesis_penyakit` double NOT NULL,
  `ket_penyakit` varchar(200) NOT NULL,
  PRIMARY KEY (`kd_penyakit`)
) ENGINE=InnoDB DEFAULT CHARSET=latin1;

INSERT INTO `penyakit` (`kd_penyakit`, `nm_penyakit`, `hipotesis_penyakit`, `ket_penyakit`) VALUES
('P1', 'Pulmonar TB', 0.773, 'Tuberculosis yang menyerang bagian paru-paru'),
('P2', 'TB Meningitis', 0.039, 'Tuberculosis yang menyerang bagian otak'),
('P3', 'TB Lymphadenopathy', 0.036, 'Tuberculosis yang menyerang bagian kalenjar getah bening'),
('P4', 'TB Pleurisy', 0.051, 'Tuberculosis yang menyerang bagian luar paru-paru'),
('P5', 'TB of The Spine (Bone)', 0.0057, 'Tuberculosis yang menyerang tulang'),
('P6', 'TB Urogenital', 0.036, 'Tuberculosis yang menyerang bagian saluran kencing');

ALTER TABLE `aturan`
  ADD CONSTRAINT `aturan_ibfk_1` FOREIGN KEY (`kd_penyakit`) REFERENCES `penyakit` (`kd_penyakit`) ON DELETE CASCADE ON UPDATE CASCADE,
  ADD CONSTRAINT `aturan_ibfk_2` FOREIGN KEY (`kd_gejala`) REFERENCES `gejala` (`kd_gejala`) ON DELETE CASCADE ON UPDATE CASCADE;

/*!40101 SET CHARACTER_SET_CLIENT=@OLD_CHARACTER_SET_CLIENT */;
/*!40101 SET CHARACTER_SET_RESULTS=@OLD_CHARACTER_SET_RESULTS */;
/*!40101 SET COLLATION_CONNECTION=@OLD_COLLATION_CONNECTION */;
